-- phpMyAdmin SQL Dump
-- version 5.1.1
-- https://www.phpmyadmin.net/
--
-- Host: 127.0.0.1
-- Generation Time: Sep 29, 2021 at 03:24 AM
-- Server version: 10.4.21-MariaDB
-- PHP Version: 8.0.10

SET SQL_MODE = "NO_AUTO_VALUE_ON_ZERO";
START TRANSACTION;
SET time_zone = "+00:00";


/*!40101 SET @OLD_CHARACTER_SET_CLIENT=@@CHARACTER_SET_CLIENT */;
/*!40101 SET @OLD_CHARACTER_SET_RESULTS=@@CHARACTER_SET_RESULTS */;
/*!40101 SET @OLD_COLLATION_CONNECTION=@@COLLATION_CONNECTION */;
/*!40101 SET NAMES utf8mb4 */;

--
-- Database: `spk_smarter`
--

-- --------------------------------------------------------

--
-- Table structure for table `alternatif`
--

CREATE TABLE `alternatif` (
  `id` int(11) NOT NULL,
  `kode_alternatif` varchar(50) NOT NULL,
  `nama_alternatif` varchar(255) DEFAULT NULL,
  `jarak_dengan_aspal` varchar(100) DEFAULT NULL,
  `harga` double(18,2) DEFAULT NULL,
  `jarak_dengan_sarana` varchar(100) DEFAULT NULL,
  `luas_lahan` varchar(100) DEFAULT NULL,
  `tempo_pembayaran` varchar(100) DEFAULT NULL,
  `keterangan` text DEFAULT NULL,
  `status` tinyint(4) DEFAULT NULL
) ENGINE=InnoDB DEFAULT CHARSET=utf8mb4;

--
-- Dumping data for table `alternatif`
--

INSERT INTO `alternatif` (`id`, `kode_alternatif`, `nama_alternatif`, `jarak_dengan_aspal`, `harga`, `jarak_dengan_sarana`, `luas_lahan`, `tempo_pembayaran`, `keterangan`, `status`) VALUES
(1, 'GB1', 'Gabek 1', '2 m', 325000.00, '1.6 km', '5.038 m2', '1 tahun', '', 1),
(2, 'JG1', 'Jalan Gandaria 1', '2 m', 260000.00, '2.1 km', '6.230 m2', '1 tahun', ' ', 1),
(3, 'AK7', 'Air Kelapa 7', '200 m', 350000.00, '200 m', '35.623 m2', '1 tahun', ' ', 1),
(4, 'KTT', 'Kulan, Tua Tunu', '125 m', 60000.00, '3.1 km', '7.812 m2', '1 tahun', ' ', 1),
(5, 'KAT', 'Kampak, Tua Tunu', '70 m', 185000.00, '2.5 km', '17.030 m2', '1 tahun', ' ', 1),
(6, 'JGS', 'Jerambah Gantung, Selindung', '30 m', 110000.00, '2.8 km', '11.473 m2', '1 tahun', ' ', 1),
(10, 'SBR', 'Selindung Baru', '57 m', 200000.00, '1 km', '5852 m2', '1 tahun', ' ', 1),
(11, 'BMN', 'Bukit Merapin', '100 m', 250000.00, '1.2 km', '10.763 m2', '1 tahun', ' ', 1),
(12, 'PAR', 'Pintu Air, Rangkui', '40 m', 70000.00, '2 km', '15.383 m2', '1 tahun', ' ', 1),
(13, 'SMB', 'Semabung Baru', '280 m', 150000.00, '2.2 km', '20.183 m2', '1 tahun', ' ', 1),
(14, 'LPR', 'Lontong Pancur', '100m', 70000.00, '500 m', '9.987 m2', '1 tahun', ' ', 1),
(15, 'JBR', 'Jalan Baru', '300 m', 250000.00, '2.5 km', '27.038 m2', '1 tahun', ' ', 1),
(16, 'KPB', 'Ketapang, Pangkal Balam', '65 m', 100000.00, '120 m', '7.549 m2', '1 tahun', ' ', 1),
(17, 'TBG', 'Taman Bunga, Gerunggang', '50 m', 160000.00, '600 m', '17.281 m2', '1 tahun', ' ', 1),
(18, 'KPG', 'Kacang Pedang', '', 0.00, '', '', '', ' ', 0),
(19, 'PLG', 'Parit Lalang', '', 0.00, '', '', '', ' ', 0),
(20, 'BIN', 'Bukit Intan', '', 0.00, '', '', '', ' ', 0),
(21, 'KKT', 'Kampung Kramat', '', 0.00, '', '', '', ' ', 0),
(22, 'TBN', 'Temberan', '', 0.00, '', '', '', ' ', 0),
(23, 'PPD', 'Pasir Padi', '', 0.00, '', '', '', ' ', 0),
(25, 'GRY', 'Girimaya', '', 0.00, '', '', '', ' ', 0),
(26, 'BTL', 'Batin Tikal', '', 0.00, '', '', '', ' ', 0),
(27, 'ASG', 'Air Salemba, Gabek', '', 0.00, '', '', '', ' ', 0),
(28, 'PPH', 'Pasir Putih', '', 0.00, '', '', '', ' ', 0),
(29, 'RBN', 'Rawa Bangun', '', 0.00, '', '', '', ' ', 0),
(30, 'OIH', 'Opas Indah', '', 0.00, '', '', '', ' ', 0),
(31, 'BGG', 'Bukitsari, Gerunggang', '', 0.00, '', '', '', ' ', 0);

-- --------------------------------------------------------

--
-- Table structure for table `kriteria`
--

CREATE TABLE `kriteria` (
  `id` int(11) NOT NULL,
  `kode_kriteria` varchar(50) NOT NULL,
  `nama_kriteria` varchar(255) DEFAULT NULL,
  `prioritas` int(11) DEFAULT NULL,
  `bobot` double(18,18) DEFAULT NULL,
  `status` tinyint(4) DEFAULT NULL
) ENGINE=InnoDB DEFAULT CHARSET=utf8mb4;

--
-- Dumping data for table `kriteria`
--

INSERT INTO `kriteria` (`id`, `kode_kriteria`, `nama_kriteria`, `prioritas`, `bobot`, `status`) VALUES
(1, 'K1', 'Surat Menyurat', 1, 0.274534304079760000, 1),
(2, 'K2', 'Jarak Dengan Aspal', 2, 0.183625213170670000, 1),
(3, 'K3', 'Lahan Sengketa', 3, 0.138170667716120000, 1),
(4, 'K4', 'Fisik Dasar Tanah', 4, 0.107867637413090000, 1),
(5, 'K5', 'Harga', 5, 0.085140364685819000, 1),
(6, 'K6', 'Jaringan Listrik', 6, 0.066958546504001000, 1),
(7, 'K7', 'Sumber Air', 7, 0.051807031352486000, 1),
(8, 'K8', 'Sarana/ Prasarana', 8, 0.038820018365473000, 1),
(9, 'K9', 'Jarak dengan Sarana/ Prasarana', 9, 0.027456382001837000, 1),
(10, 'K10', 'Luas Lahan', 10, 0.017355371900826000, 1),
(11, 'K11', 'Tempo Pembayaran', 11, 0.008264462809917400, 1);

-- --------------------------------------------------------

--
-- Table structure for table `last_value`
--

CREATE TABLE `last_value` (
  `id` int(11) NOT NULL,
  `id_alternatif` int(11) NOT NULL,
  `id_kriteria` int(11) NOT NULL,
  `id_sub_kriteria` int(11) NOT NULL,
  `last_result` double(18,18) DEFAULT NULL
) ENGINE=InnoDB DEFAULT CHARSET=utf8mb4;

--
-- Dumping data for table `last_value`
--

INSERT INTO `last_value` (`id`, `id_alternatif`, `id_kriteria`, `id_sub_kriteria`, `last_result`) VALUES
(1, 1, 1, 2, 0.333333333333340000),
(2, 1, 2, 4, 1.000000000000000000),
(3, 1, 3, 8, 1.000000000000000000),
(4, 1, 4, 10, 1.000000000000000000),
(5, 1, 5, 17, 0.000000000000000000),
(6, 1, 6, 18, 1.000000000000000000),
(7, 1, 7, 20, 1.000000000000000000),
(8, 1, 8, 22, 1.000000000000000000),
(9, 1, 9, 25, 0.454545454545450000),
(10, 1, 10, 30, 0.000000000000000000),
(11, 1, 11, 32, 0.333333333333340000),
(12, 2, 1, 2, 0.333333333333340000),
(13, 2, 2, 4, 1.000000000000000000),
(14, 2, 3, 8, 1.000000000000000000),
(15, 2, 4, 11, 0.454545454545450000),
(16, 2, 5, 17, 0.000000000000000000),
(17, 2, 6, 18, 1.000000000000000000),
(18, 2, 7, 20, 1.000000000000000000),
(19, 2, 8, 22, 1.000000000000000000),
(20, 2, 9, 26, 0.181818181818180000),
(21, 2, 10, 30, 0.000000000000000000),
(22, 2, 11, 32, 0.333333333333340000),
(23, 3, 1, 1, 1.000000000000000000),
(24, 3, 2, 7, 0.000000000000000000),
(25, 3, 3, 8, 1.000000000000000000),
(26, 3, 4, 10, 1.000000000000000000),
(27, 3, 5, 17, 0.000000000000000000),
(28, 3, 6, 18, 1.000000000000000000),
(29, 3, 7, 20, 1.000000000000000000),
(30, 3, 8, 22, 1.000000000000000000),
(31, 3, 9, 24, 1.000000000000000000),
(32, 3, 10, 28, 1.000000000000000000),
(33, 3, 11, 32, 0.333333333333340000),
(34, 4, 1, 2, 0.333333333333340000),
(35, 4, 2, 7, 0.000000000000000000),
(36, 4, 3, 8, 1.000000000000000000),
(37, 4, 4, 10, 1.000000000000000000),
(38, 4, 5, 14, 1.000000000000000000),
(39, 4, 6, 18, 1.000000000000000000),
(40, 4, 7, 20, 1.000000000000000000),
(41, 4, 8, 22, 1.000000000000000000),
(42, 4, 9, 27, 0.000000000000000000),
(43, 4, 10, 30, 0.000000000000000000),
(44, 4, 11, 32, 0.333333333333340000),
(45, 5, 1, 1, 1.000000000000000000),
(46, 5, 2, 6, 0.181818181818180000),
(47, 5, 3, 8, 1.000000000000000000),
(48, 5, 4, 10, 1.000000000000000000),
(49, 5, 5, 16, 0.181818181818180000),
(50, 5, 6, 18, 1.000000000000000000),
(51, 5, 7, 20, 1.000000000000000000),
(52, 5, 8, 22, 1.000000000000000000),
(53, 5, 9, 26, 0.181818181818180000),
(54, 5, 10, 29, 0.333333333333340000),
(55, 5, 11, 32, 0.333333333333340000),
(56, 6, 1, 1, 1.000000000000000000),
(57, 6, 2, 5, 0.454545454545450000),
(58, 6, 3, 8, 1.000000000000000000),
(59, 6, 4, 10, 1.000000000000000000),
(60, 6, 5, 15, 0.454545454545450000),
(61, 6, 6, 18, 1.000000000000000000),
(62, 6, 7, 20, 1.000000000000000000),
(63, 6, 8, 22, 1.000000000000000000),
(64, 6, 9, 26, 0.181818181818180000),
(65, 6, 10, 29, 0.333333333333340000),
(66, 6, 11, 32, 0.333333333333340000),
(67, 10, 1, 1, 1.000000000000000000),
(68, 10, 2, 6, 0.181818181818180000),
(69, 10, 3, 8, 1.000000000000000000),
(70, 10, 4, 10, 1.000000000000000000),
(71, 10, 5, 16, 0.181818181818180000),
(72, 10, 6, 18, 1.000000000000000000),
(73, 10, 7, 20, 1.000000000000000000),
(74, 10, 8, 22, 1.000000000000000000),
(75, 10, 9, 24, 1.000000000000000000),
(76, 10, 10, 30, 0.000000000000000000),
(77, 10, 11, 32, 0.333333333333340000),
(78, 11, 1, 2, 0.333333333333340000),
(79, 11, 2, 7, 0.000000000000000000),
(80, 11, 3, 8, 1.000000000000000000),
(81, 11, 4, 11, 0.454545454545450000),
(82, 11, 5, 17, 0.000000000000000000),
(83, 11, 6, 18, 1.000000000000000000),
(84, 11, 7, 20, 1.000000000000000000),
(85, 11, 8, 22, 1.000000000000000000),
(86, 11, 9, 25, 0.454545454545450000),
(87, 11, 10, 29, 0.333333333333340000),
(88, 11, 11, 32, 0.333333333333340000),
(89, 12, 1, 2, 0.333333333333340000),
(90, 12, 2, 5, 0.454545454545450000),
(91, 12, 3, 8, 1.000000000000000000),
(92, 12, 4, 10, 1.000000000000000000),
(93, 12, 5, 14, 1.000000000000000000),
(94, 12, 6, 18, 1.000000000000000000),
(95, 12, 7, 20, 1.000000000000000000),
(96, 12, 8, 22, 1.000000000000000000),
(97, 12, 9, 26, 0.181818181818180000),
(98, 12, 10, 29, 0.333333333333340000),
(99, 12, 11, 32, 0.333333333333340000),
(100, 13, 1, 2, 0.333333333333340000),
(101, 13, 2, 7, 0.000000000000000000),
(102, 13, 3, 8, 1.000000000000000000),
(103, 13, 4, 10, 1.000000000000000000),
(104, 13, 5, 15, 0.454545454545450000),
(105, 13, 6, 18, 1.000000000000000000),
(106, 13, 7, 20, 1.000000000000000000),
(107, 13, 8, 22, 1.000000000000000000),
(108, 13, 9, 26, 0.181818181818180000),
(109, 13, 10, 28, 1.000000000000000000),
(110, 13, 11, 32, 0.333333333333340000),
(111, 14, 1, 2, 0.333333333333340000),
(112, 14, 2, 6, 0.181818181818180000),
(113, 14, 3, 8, 1.000000000000000000),
(114, 14, 4, 10, 1.000000000000000000),
(115, 14, 5, 14, 1.000000000000000000),
(116, 14, 6, 18, 1.000000000000000000),
(117, 14, 7, 20, 1.000000000000000000),
(118, 14, 8, 22, 1.000000000000000000),
(119, 14, 9, 24, 1.000000000000000000),
(120, 14, 10, 30, 0.000000000000000000),
(121, 14, 11, 32, 0.333333333333340000),
(122, 15, 1, 1, 1.000000000000000000),
(123, 15, 2, 7, 0.000000000000000000),
(124, 15, 3, 8, 1.000000000000000000),
(125, 15, 4, 10, 1.000000000000000000),
(126, 15, 5, 17, 0.000000000000000000),
(127, 15, 6, 18, 1.000000000000000000),
(128, 15, 7, 20, 1.000000000000000000),
(129, 15, 8, 22, 1.000000000000000000),
(130, 15, 9, 26, 0.181818181818180000),
(131, 15, 10, 28, 1.000000000000000000),
(132, 15, 11, 32, 0.333333333333340000),
(133, 16, 1, 1, 1.000000000000000000),
(134, 16, 2, 6, 0.181818181818180000),
(135, 16, 3, 8, 1.000000000000000000),
(136, 16, 4, 10, 1.000000000000000000),
(137, 16, 5, 14, 1.000000000000000000),
(138, 16, 6, 18, 1.000000000000000000),
(139, 16, 7, 20, 1.000000000000000000),
(140, 16, 8, 22, 1.000000000000000000),
(141, 16, 9, 24, 1.000000000000000000),
(142, 16, 10, 30, 0.000000000000000000),
(143, 16, 11, 32, 0.333333333333340000),
(144, 17, 1, 2, 0.333333333333340000),
(145, 17, 2, 5, 0.454545454545450000),
(146, 17, 3, 8, 1.000000000000000000),
(147, 17, 4, 10, 1.000000000000000000),
(148, 17, 5, 16, 0.181818181818180000),
(149, 17, 6, 18, 1.000000000000000000),
(150, 17, 7, 20, 1.000000000000000000),
(151, 17, 8, 22, 1.000000000000000000),
(152, 17, 9, 24, 1.000000000000000000),
(153, 17, 10, 29, 0.333333333333340000),
(154, 17, 11, 32, 0.333333333333340000);

-- --------------------------------------------------------

--
-- Table structure for table `nilai_alternatif`
--

CREATE TABLE `nilai_alternatif` (
  `id` int(11) NOT NULL,
  `id_alternatif` int(11) NOT NULL,
  `id_kriteria` int(11) NOT NULL,
  `id_sub_kriteria` int(11) NOT NULL
) ENGINE=InnoDB DEFAULT CHARSET=utf8mb4;

--
-- Dumping data for table `nilai_alternatif`
--

INSERT INTO `nilai_alternatif` (`id`, `id_alternatif`, `id_kriteria`, `id_sub_kriteria`) VALUES
(1, 1, 1, 2),
(2, 1, 2, 4),
(3, 1, 3, 8),
(4, 1, 4, 10),
(5, 1, 5, 17),
(6, 1, 6, 18),
(7, 1, 7, 20),
(8, 1, 8, 22),
(9, 1, 9, 25),
(10, 1, 10, 30),
(11, 1, 11, 32),
(12, 2, 1, 2),
(13, 2, 2, 4),
(14, 2, 3, 8),
(15, 2, 4, 11),
(16, 2, 5, 17),
(17, 2, 6, 18),
(18, 2, 7, 20),
(19, 2, 8, 22),
(20, 2, 9, 26),
(21, 2, 10, 30),
(22, 2, 11, 32),
(23, 3, 1, 1),
(24, 3, 2, 7),
(25, 3, 3, 8),
(26, 3, 4, 10),
(27, 3, 5, 17),
(28, 3, 6, 18),
(29, 3, 7, 20),
(30, 3, 8, 22),
(31, 3, 9, 24),
(32, 3, 10, 28),
(33, 3, 11, 32),
(34, 4, 1, 2),
(35, 4, 2, 7),
(36, 4, 3, 8),
(37, 4, 4, 10),
(38, 4, 5, 14),
(39, 4, 6, 18),
(40, 4, 7, 20),
(41, 4, 8, 22),
(42, 4, 9, 27),
(43, 4, 10, 30),
(44, 4, 11, 32),
(45, 5, 1, 1),
(46, 5, 2, 6),
(47, 5, 3, 8),
(48, 5, 4, 10),
(49, 5, 5, 16),
(50, 5, 6, 18),
(51, 5, 7, 20),
(52, 5, 8, 22),
(53, 5, 9, 26),
(54, 5, 10, 29),
(55, 5, 11, 32),
(56, 6, 1, 1),
(57, 6, 2, 5),
(58, 6, 3, 8),
(59, 6, 4, 10),
(60, 6, 5, 15),
(61, 6, 6, 18),
(62, 6, 7, 20),
(63, 6, 8, 22),
(64, 6, 9, 26),
(65, 6, 10, 29),
(66, 6, 11, 32),
(67, 10, 1, 1),
(68, 10, 2, 6),
(69, 10, 3, 8),
(70, 10, 4, 10),
(71, 10, 5, 16),
(72, 10, 6, 18),
(73, 10, 7, 20),
(74, 10, 8, 22),
(75, 10, 9, 24),
(76, 10, 10, 30),
(77, 10, 11, 32),
(78, 11, 1, 2),
(79, 11, 2, 7),
(80, 11, 3, 8),
(81, 11, 4, 11),
(82, 11, 5, 17),
(83, 11, 6, 18),
(84, 11, 7, 20),
(85, 11, 8, 22),
(86, 11, 9, 25),
(87, 11, 10, 29),
(88, 11, 11, 32),
(89, 12, 1, 2),
(90, 12, 2, 5),
(91, 12, 3, 8),
(92, 12, 4, 10),
(93, 12, 5, 14),
(94, 12, 6, 18),
(95, 12, 7, 20),
(96, 12, 8, 22),
(97, 12, 9, 26),
(98, 12, 10, 29),
(99, 12, 11, 32),
(100, 13, 1, 2),
(101, 13, 2, 7),
(102, 13, 3, 8),
(103, 13, 4, 10),
(104, 13, 5, 15),
(105, 13, 6, 18),
(106, 13, 7, 20),
(107, 13, 8, 22),
(108, 13, 9, 26),
(109, 13, 10, 28),
(110, 13, 11, 32),
(111, 14, 1, 2),
(112, 14, 2, 6),
(113, 14, 3, 8),
(114, 14, 4, 10),
(115, 14, 5, 14),
(116, 14, 6, 18),
(117, 14, 7, 20),
(118, 14, 8, 22),
(119, 14, 9, 24),
(120, 14, 10, 30),
(121, 14, 11, 32),
(122, 15, 1, 1),
(123, 15, 2, 7),
(124, 15, 3, 8),
(125, 15, 4, 10),
(126, 15, 5, 17),
(127, 15, 6, 18),
(128, 15, 7, 20),
(129, 15, 8, 22),
(130, 15, 9, 26),
(131, 15, 10, 28),
(132, 15, 11, 32),
(133, 16, 1, 1),
(134, 16, 2, 6),
(135, 16, 3, 8),
(136, 16, 4, 10),
(137, 16, 5, 14),
(138, 16, 6, 18),
(139, 16, 7, 20),
(140, 16, 8, 22),
(141, 16, 9, 24),
(142, 16, 10, 30),
(143, 16, 11, 32),
(144, 17, 1, 2),
(145, 17, 2, 5),
(146, 17, 3, 8),
(147, 17, 4, 10),
(148, 17, 5, 16),
(149, 17, 6, 18),
(150, 17, 7, 20),
(151, 17, 8, 22),
(152, 17, 9, 24),
(153, 17, 10, 29),
(154, 17, 11, 32);

-- --------------------------------------------------------

--
-- Table structure for table `nilai_utility`
--

CREATE TABLE `nilai_utility` (
  `id` int(11) NOT NULL,
  `id_alternatif` int(11) NOT NULL,
  `id_kriteria` int(11) NOT NULL,
  `id_sub_kriteria` int(11) NOT NULL,
  `utility` double(18,18) DEFAULT NULL
) ENGINE=InnoDB DEFAULT CHARSET=utf8mb4;

--
-- Dumping data for table `nilai_utility`
--

INSERT INTO `nilai_utility` (`id`, `id_alternatif`, `id_kriteria`, `id_sub_kriteria`, `utility`) VALUES
(1, 1, 1, 2, 0.333333333333340000),
(2, 1, 2, 4, 1.000000000000000000),
(3, 1, 3, 8, 1.000000000000000000),
(4, 1, 4, 10, 1.000000000000000000),
(5, 1, 5, 17, 0.000000000000000000),
(6, 1, 6, 18, 1.000000000000000000),
(7, 1, 7, 20, 1.000000000000000000),
(8, 1, 8, 22, 1.000000000000000000),
(9, 1, 9, 25, 0.454545454545450000),
(10, 1, 10, 30, 0.000000000000000000),
(11, 1, 11, 32, 0.333333333333340000),
(12, 2, 1, 2, 0.333333333333340000),
(13, 2, 2, 4, 1.000000000000000000),
(14, 2, 3, 8, 1.000000000000000000),
(15, 2, 4, 11, 0.454545454545450000),
(16, 2, 5, 17, 0.000000000000000000),
(17, 2, 6, 18, 1.000000000000000000),
(18, 2, 7, 20, 1.000000000000000000),
(19, 2, 8, 22, 1.000000000000000000),
(20, 2, 9, 26, 0.181818181818180000),
(21, 2, 10, 30, 0.000000000000000000),
(22, 2, 11, 32, 0.333333333333340000),
(23, 3, 1, 1, 1.000000000000000000),
(24, 3, 2, 7, 0.000000000000000000),
(25, 3, 3, 8, 1.000000000000000000),
(26, 3, 4, 10, 1.000000000000000000),
(27, 3, 5, 17, 0.000000000000000000),
(28, 3, 6, 18, 1.000000000000000000),
(29, 3, 7, 20, 1.000000000000000000),
(30, 3, 8, 22, 1.000000000000000000),
(31, 3, 9, 24, 1.000000000000000000),
(32, 3, 10, 28, 1.000000000000000000),
(33, 3, 11, 32, 0.333333333333340000),
(34, 4, 1, 2, 0.333333333333340000),
(35, 4, 2, 7, 0.000000000000000000),
(36, 4, 3, 8, 1.000000000000000000),
(37, 4, 4, 10, 1.000000000000000000),
(38, 4, 5, 14, 1.000000000000000000),
(39, 4, 6, 18, 1.000000000000000000),
(40, 4, 7, 20, 1.000000000000000000),
(41, 4, 8, 22, 1.000000000000000000),
(42, 4, 9, 27, 0.000000000000000000),
(43, 4, 10, 30, 0.000000000000000000),
(44, 4, 11, 32, 0.333333333333340000),
(45, 5, 1, 1, 1.000000000000000000),
(46, 5, 2, 6, 0.181818181818180000),
(47, 5, 3, 8, 1.000000000000000000),
(48, 5, 4, 10, 1.000000000000000000),
(49, 5, 5, 16, 0.181818181818180000),
(50, 5, 6, 18, 1.000000000000000000),
(51, 5, 7, 20, 1.000000000000000000),
(52, 5, 8, 22, 1.000000000000000000),
(53, 5, 9, 26, 0.181818181818180000),
(54, 5, 10, 29, 0.333333333333340000),
(55, 5, 11, 32, 0.333333333333340000),
(56, 6, 1, 1, 1.000000000000000000),
(57, 6, 2, 5, 0.454545454545450000),
(58, 6, 3, 8, 1.000000000000000000),
(59, 6, 4, 10, 1.000000000000000000),
(60, 6, 5, 15, 0.454545454545450000),
(61, 6, 6, 18, 1.000000000000000000),
(62, 6, 7, 20, 1.000000000000000000),
(63, 6, 8, 22, 1.000000000000000000),
(64, 6, 9, 26, 0.181818181818180000),
(65, 6, 10, 29, 0.333333333333340000),
(66, 6, 11, 32, 0.333333333333340000),
(67, 10, 1, 1, 1.000000000000000000),
(68, 10, 2, 6, 0.181818181818180000),
(69, 10, 3, 8, 1.000000000000000000),
(70, 10, 4, 10, 1.000000000000000000),
(71, 10, 5, 16, 0.181818181818180000),
(72, 10, 6, 18, 1.000000000000000000),
(73, 10, 7, 20, 1.000000000000000000),
(74, 10, 8, 22, 1.000000000000000000),
(75, 10, 9, 24, 1.000000000000000000),
(76, 10, 10, 30, 0.000000000000000000),
(77, 10, 11, 32, 0.333333333333340000),
(78, 11, 1, 2, 0.333333333333340000),
(79, 11, 2, 7, 0.000000000000000000),
(80, 11, 3, 8, 1.000000000000000000),
(81, 11, 4, 11, 0.454545454545450000),
(82, 11, 5, 17, 0.000000000000000000),
(83, 11, 6, 18, 1.000000000000000000),
(84, 11, 7, 20, 1.000000000000000000),
(85, 11, 8, 22, 1.000000000000000000),
(86, 11, 9, 25, 0.454545454545450000),
(87, 11, 10, 29, 0.333333333333340000),
(88, 11, 11, 32, 0.333333333333340000),
(89, 12, 1, 2, 0.333333333333340000),
(90, 12, 2, 5, 0.454545454545450000),
(91, 12, 3, 8, 1.000000000000000000),
(92, 12, 4, 10, 1.000000000000000000),
(93, 12, 5, 14, 1.000000000000000000),
(94, 12, 6, 18, 1.000000000000000000),
(95, 12, 7, 20, 1.000000000000000000),
(96, 12, 8, 22, 1.000000000000000000),
(97, 12, 9, 26, 0.181818181818180000),
(98, 12, 10, 29, 0.333333333333340000),
(99, 12, 11, 32, 0.333333333333340000),
(100, 13, 1, 2, 0.333333333333340000),
(101, 13, 2, 7, 0.000000000000000000),
(102, 13, 3, 8, 1.000000000000000000),
(103, 13, 4, 10, 1.000000000000000000),
(104, 13, 5, 15, 0.454545454545450000),
(105, 13, 6, 18, 1.000000000000000000),
(106, 13, 7, 20, 1.000000000000000000),
(107, 13, 8, 22, 1.000000000000000000),
(108, 13, 9, 26, 0.181818181818180000),
(109, 13, 10, 28, 1.000000000000000000),
(110, 13, 11, 32, 0.333333333333340000),
(111, 14, 1, 2, 0.333333333333340000),
(112, 14, 2, 6, 0.181818181818180000),
(113, 14, 3, 8, 1.000000000000000000),
(114, 14, 4, 10, 1.000000000000000000),
(115, 14, 5, 14, 1.000000000000000000),
(116, 14, 6, 18, 1.000000000000000000),
(117, 14, 7, 20, 1.000000000000000000),
(118, 14, 8, 22, 1.000000000000000000),
(119, 14, 9, 24, 1.000000000000000000),
(120, 14, 10, 30, 0.000000000000000000),
(121, 14, 11, 32, 0.333333333333340000),
(122, 15, 1, 1, 1.000000000000000000),
(123, 15, 2, 7, 0.000000000000000000),
(124, 15, 3, 8, 1.000000000000000000),
(125, 15, 4, 10, 1.000000000000000000),
(126, 15, 5, 17, 0.000000000000000000),
(127, 15, 6, 18, 1.000000000000000000),
(128, 15, 7, 20, 1.000000000000000000),
(129, 15, 8, 22, 1.000000000000000000),
(130, 15, 9, 26, 0.181818181818180000),
(131, 15, 10, 28, 1.000000000000000000),
(132, 15, 11, 32, 0.333333333333340000),
(133, 16, 1, 1, 1.000000000000000000),
(134, 16, 2, 6, 0.181818181818180000),
(135, 16, 3, 8, 1.000000000000000000),
(136, 16, 4, 10, 1.000000000000000000),
(137, 16, 5, 14, 1.000000000000000000),
(138, 16, 6, 18, 1.000000000000000000),
(139, 16, 7, 20, 1.000000000000000000),
(140, 16, 8, 22, 1.000000000000000000),
(141, 16, 9, 24, 1.000000000000000000),
(142, 16, 10, 30, 0.000000000000000000),
(143, 16, 11, 32, 0.333333333333340000),
(144, 17, 1, 2, 0.333333333333340000),
(145, 17, 2, 5, 0.454545454545450000),
(146, 17, 3, 8, 1.000000000000000000),
(147, 17, 4, 10, 1.000000000000000000),
(148, 17, 5, 16, 0.181818181818180000),
(149, 17, 6, 18, 1.000000000000000000),
(150, 17, 7, 20, 1.000000000000000000),
(151, 17, 8, 22, 1.000000000000000000),
(152, 17, 9, 24, 1.000000000000000000),
(153, 17, 10, 29, 0.333333333333340000),
(154, 17, 11, 32, 0.333333333333340000);

-- --------------------------------------------------------

--
-- Table structure for table `sub_kriteria`
--

CREATE TABLE `sub_kriteria` (
  `id` int(11) NOT NULL,
  `id_kriteria` int(11) NOT NULL,
  `nama_sub_kriteria` varchar(255) DEFAULT NULL,
  `prioritas` int(11) DEFAULT NULL,
  `bobot` double(18,18) DEFAULT NULL,
  `status` tinyint(4) DEFAULT NULL
) ENGINE=InnoDB DEFAULT CHARSET=utf8mb4;

--
-- Dumping data for table `sub_kriteria`
--

INSERT INTO `sub_kriteria` (`id`, `id_kriteria`, `nama_sub_kriteria`, `prioritas`, `bobot`, `status`) VALUES
(1, 1, 'Sertifikat Hak Milik (SHM)', 1, 0.611111111111110000, 1),
(2, 1, 'Surat Camat/Girik', 2, 0.277777777777780000, 1),
(4, 2, '0 m - 12 m', 1, 0.520833333333330000, 1),
(5, 2, '12 m - 50 m', 2, 0.270833333333330000, 1),
(6, 2, '50 m - 100 m', 3, 0.145833333333330000, 1),
(7, 2, '> 100 m', 4, 0.062500000000000000, 1),
(8, 3, 'Tidak', 1, 0.750000000000000000, 1),
(9, 3, 'Ya', 2, 0.250000000000000000, 1),
(10, 4, 'Datar (0⁰-5⁰)', 1, 0.520833333333330000, 1),
(11, 4, 'Agak Miring (6⁰-10⁰)', 2, 0.270833333333330000, 1),
(12, 4, 'Miring (11⁰-25⁰)', 3, 0.145833333333330000, 1),
(13, 4, 'Sangat Miring (>25⁰)', 4, 0.062500000000000000, 1),
(14, 5, 'Rp. 50. 000 - Rp. 100.000', 1, 0.520833333333330000, 1),
(15, 5, 'Rp.100.000 - Rp. 150.000', 2, 0.270833333333330000, 1),
(16, 5, 'Rp. 150. 000 - Rp. 200.000', 3, 0.145833333333330000, 1),
(17, 5, '> Rp. 200.000', 4, 0.062500000000000000, 1),
(18, 6, 'Tersedia', 1, 0.750000000000000000, 1),
(19, 6, 'Tidak Tersedia', 2, 0.250000000000000000, 1),
(20, 7, 'Tersedia', 1, 0.750000000000000000, 1),
(21, 7, 'Tidak Tersedia', 2, 0.250000000000000000, 1),
(22, 8, 'Tersedia', 1, 0.750000000000000000, 1),
(23, 8, 'Tidak Tersedia', 2, 0.250000000000000000, 1),
(24, 9, '0 km - 1 km', 1, 0.520833333333330000, 1),
(25, 9, '1 km - 2 km', 2, 0.270833333333330000, 1),
(26, 9, '2 km - 3 km', 3, 0.145833333333330000, 1),
(27, 9, '> 3 km', 4, 0.062500000000000000, 1),
(28, 10, '20.000 - 40.000', 1, 0.611111111111110000, 1),
(29, 10, '10.000 - 20.000', 2, 0.277777777777780000, 1),
(30, 10, '5.000 - 10.000', 3, 0.111111111111110000, 1),
(31, 11, '< 1 Tahun', 1, 0.611111111111110000, 1),
(32, 11, '1 Tahun', 2, 0.277777777777780000, 1),
(33, 11, '> 1 Tahun', 3, 0.111111111111110000, 1),
(35, 1, 'Tidak Ada', 3, 0.111111111111110000, 1);

-- --------------------------------------------------------

--
-- Table structure for table `users`
--

CREATE TABLE `users` (
  `id` int(11) NOT NULL,
  `name` varchar(255) DEFAULT NULL,
  `email` varchar(255) DEFAULT NULL,
  `password` varchar(255) DEFAULT NULL,
  `gambar` varchar(50) DEFAULT NULL,
  `alamat` text DEFAULT NULL,
  `no_hp` varchar(30) DEFAULT NULL,
  `jenis_kelamin` tinyint(4) DEFAULT NULL,
  `role_id` tinyint(4) DEFAULT NULL,
  `status` tinyint(4) DEFAULT NULL
) ENGINE=InnoDB DEFAULT CHARSET=utf8mb4;

--
-- Dumping data for table `users`
--

INSERT INTO `users` (`id`, `name`, `email`, `password`, `gambar`, `alamat`, `no_hp`, `jenis_kelamin`, `role_id`, `status`) VALUES
(1, 'Munajat Naz', 'pimpinan@gmail.com', '90973652b88fe07d05a4304f0a945de8', '611cfe436d8a8.png', 'Pangkalpinang', '081234567890', 1, 0, 1),
(4, 'Surveyor', 'user@gmail.com', 'ee11cbb19052e40b07aac0ca060c23ee', '613ab920d6128.png', '', '08190190182', 0, 1, 1);

--
-- Indexes for dumped tables
--

--
-- Indexes for table `alternatif`
--
ALTER TABLE `alternatif`
  ADD PRIMARY KEY (`id`);

--
-- Indexes for table `kriteria`
--
ALTER TABLE `kriteria`
  ADD PRIMARY KEY (`id`);

--
-- Indexes for table `last_value`
--
ALTER TABLE `last_value`
  ADD PRIMARY KEY (`id`);

--
-- Indexes for table `nilai_alternatif`
--
ALTER TABLE `nilai_alternatif`
  ADD PRIMARY KEY (`id`),
  ADD KEY `nilai_alternatif_ibfk_1` (`id_alternatif`);

--
-- Indexes for table `nilai_utility`
--
ALTER TABLE `nilai_utility`
  ADD PRIMARY KEY (`id`);

--
-- Indexes for table `sub_kriteria`
--
ALTER TABLE `sub_kriteria`
  ADD PRIMARY KEY (`id`);

--
-- Indexes for table `users`
--
ALTER TABLE `users`
  ADD PRIMARY KEY (`id`);

--
-- AUTO_INCREMENT for dumped tables
--

--
-- AUTO_INCREMENT for table `alternatif`
--
ALTER TABLE `alternatif`
  MODIFY `id` int(11) NOT NULL AUTO_INCREMENT, AUTO_INCREMENT=34;

--
-- AUTO_INCREMENT for table `kriteria`
--
ALTER TABLE `kriteria`
  MODIFY `id` int(11) NOT NULL AUTO_INCREMENT, AUTO_INCREMENT=13;

--
-- AUTO_INCREMENT for table `last_value`
--
ALTER TABLE `last_value`
  MODIFY `id` int(11) NOT NULL AUTO_INCREMENT, AUTO_INCREMENT=155;

--
-- AUTO_INCREMENT for table `nilai_alternatif`
--
ALTER TABLE `nilai_alternatif`
  MODIFY `id` int(11) NOT NULL AUTO_INCREMENT, AUTO_INCREMENT=166;

--
-- AUTO_INCREMENT for table `nilai_utility`
--
ALTER TABLE `nilai_utility`
  MODIFY `id` int(11) NOT NULL AUTO_INCREMENT, AUTO_INCREMENT=155;

--
-- AUTO_INCREMENT for table `sub_kriteria`
--
ALTER TABLE `sub_kriteria`
  MODIFY `id` int(11) NOT NULL AUTO_INCREMENT, AUTO_INCREMENT=36;

--
-- AUTO_INCREMENT for table `users`
--
ALTER TABLE `users`
  MODIFY `id` int(11) NOT NULL AUTO_INCREMENT, AUTO_INCREMENT=5;

--
-- Constraints for dumped tables
--

--
-- Constraints for table `nilai_alternatif`
--
ALTER TABLE `nilai_alternatif`
  ADD CONSTRAINT `nilai_alternatif_ibfk_1` FOREIGN KEY (`id_alternatif`) REFERENCES `alternatif` (`id`) ON DELETE CASCADE ON UPDATE CASCADE;
COMMIT;

/*!40101 SET CHARACTER_SET_CLIENT=@OLD_CHARACTER_SET_CLIENT */;
/*!40101 SET CHARACTER_SET_RESULTS=@OLD_CHARACTER_SET_RESULTS */;
/*!40101 SET COLLATION_CONNECTION=@OLD_COLLATION_CONNECTION */;
